row_id,impact_domain,ioos_component,region,ioos_region_code,user_group,decision_supported,economic_pathway,metric,metric_year_or_dollar_year,source,source_url,evidence_strength,ioos_attribution_strength,source_verification_needed,limitations,claim_allowed,update_frequency,ai_extraction_notes
PE-008,Port efficiency,"Real-time wind, wave or sea-state, and visibility observations","U.S. multi-port examples including Tampa Bay, Florida and Baltimore, Maryland",MARACOOS,Pilots; ports,Pilot dispatch and scheduled vessel transit during fog and weather events,Improved schedule reliability and fewer weather-related operational disruptions,"Qualitative: NOAA states visibility sensors provide insight in fog-prone harbors and that real-time knowledge safeguards scheduled commercial transit; pilots report checking wind, sea state, and visibility before each job",2024,NOAA Celebrates 30 Years of Safer Marine Navigation Through PORTS®,https://oceanservice.noaa.gov/navigation/ports/,Contextual,Contextual,Yes,No dollar estimate; evidence is descriptive and anecdotal; examples span multiple ports; not a causal IOOS study.,"Real-time wind, sea-state, and visibility data may support more reliable commercial-vessel scheduling in fog- and weather-affected ports.",Occasional webpage update,"Drawn from webpage text on visibility sensors and transcript quotes from Tampa Bay pilots and Maryland Port Administration on fog, winds, sea state, and scheduled transit."
MS-007,Maritime safety,HF radar,"Block Island region, Rhode Island/Connecticut",MARACOOS,U.S. Coast Guard SAR planners,Near-coastal search-area definition and drift prediction,Smaller search areas and more efficient search effort,"In the Block Island region, 24-hour 95th-percentile separation was 15 km using CODAR currents, 30 km using STPS, and 40-45 km using NOAA tidal currents",2003 study; no dollar year,Use of Coastal Ocean Dynamics Application Radar (CODAR) Technology in U.S. Coast Guard Search and Rescue Planning,https://codar.com/images/about/2003USCoastGuardreport.pdf,Medium,Contextual,Yes,Study covers specific near-coastal regions and a 24-hour horizon; compares trajectory prediction skill rather than monetized outcomes; predates later IOOS national integration.,HF radar-based surface currents outperformed NOAA tidal-current predictions for 24-hour drift prediction in the Block Island test region.,One-time study,Metric comes from 95th-percentile separation analysis of SLDMB trajectories; not monetized but relevant to search-effort efficiency.
MS-008,Maritime safety,HF radar,"New Jersey Shelf, New Jersey",MARACOOS,U.S. Coast Guard SAR planners,Coastal search-area definition and drift prediction,Smaller search areas and more efficient search effort,"In the New Jersey Shelf region, 24-hour 95th-percentile separation was approximately 25 km using CODAR currents versus roughly 45 km using NOAA tidal currents",2003 study; no dollar year,Use of Coastal Ocean Dynamics Application Radar (CODAR) Technology in U.S. Coast Guard Search and Rescue Planning,https://codar.com/images/about/2003USCoastGuardreport.pdf,Medium,Contextual,Yes,"Study is region-specific, non-monetized, and based on historic test deployments; comparison is against NOAA tidal-current predictions available at the time.",HF radar-based current fields outperformed NOAA tidal-current predictions for 24-hour drift prediction on the New Jersey Shelf in this evaluation.,One-time study,Extracted from the report's 95th-percentile separation results for the New Jersey Shelf.
MS-009,Maritime safety,HF radar,Mid-Atlantic Bight / U.S. coastal HF radar coverage,MARACOOS,U.S. Coast Guard SAROPS planners,Operational current-field selection for search-area planning,"Smaller search areas, faster localization, and more efficient use of search assets","In a simulated search case using a USCG surface drifter, the HF-radar-derived search area was centered on the drifter and three times smaller than the HYCOM-derived search area; HF radar data were installed on the USCG Environmental Data Server in Spring 2009 for operational SAROPS use",Spring 2009 case; no dollar year,National IOOS HF Radar Search and Rescue Project,https://rucool.marine.rutgers.edu/media/downloads/papers/National%20IOOS%20High%20Frequency%20Radar%20SAR%20Project.pdf,Modeled,Strong,Yes,"Simulated search case, not a direct economic valuation; result compares one HF-radar-driven case to one model-driven case and may not generalize to all locations or seasons.",IOOS-supported HF radar data improved SAROPS search-area performance in the demonstrated case and supported a transition to operational use in the Mid-Atlantic.,One-time study,Use this as operational-effectiveness evidence that implies asset-efficiency gains rather than as a stated dollar benefit.
22,Emergency response,IOOS storm-surge forecasts and port decision support,New York and New Jersey,MARACOOS,"Port authorities, shippers, and emergency logistics planners",Whether to divert vessels before a major coastal storm,Avoided supply-chain disruption and maintained freight delivery during storm response,"More than 23,000 cargo containers were safely delivered to other ports before Sandy and then moved to the NY-NJ region by other modes",2012 event,National Ocean Service 2013 Annual Report,https://cdn.oceanservice.noaa.gov/oceanserviceprod/annualreport/2013/nos_2013_report.pdf,Strong,Strong,Yes,Official annual-report case study for one event; it quantifies diverted cargo but does not estimate a full counterfactual dollar impact or isolate all other contributing factors.,"NOAA reports that IOOS information supported pre-storm vessel diversion during Sandy, helping keep cargo moving; the source supports an operational benefit claim more directly than a monetized benefit claim.",Annual,Used the Sandy case-study metric on redirected cargo containers from the NOS annual report.
23,Emergency response,IOOS observations supporting hurricane warnings,"Hampton Roads, Virginia",MARACOOS,U.S. Navy and emergency preparedness officials,Whether to sortie fleet assets before storm landfall,Avoided ship damage and loss-of-life risk from earlier storm action,80 ships sent out of Hampton Roads three days before Sandy at a cost of $10 million; historic comparison suggested up to $500 million in ship damage could otherwise have occurred,2012 event; dollar year not stated,National Ocean Service 2013 Annual Report,https://cdn.oceanservice.noaa.gov/oceanserviceprod/annualreport/2013/nos_2013_report.pdf,Strong,Strong,Yes,Single-event administrative case study; the avoided-damage figure is a counterfactual historical comparison and not a measured realized saving attributable solely to IOOS.,"NOAA reports that IOOS-supported warnings informed a precautionary Navy evacuation during Sandy that may have avoided much larger losses, but the avoided-damage estimate should be treated cautiously.",Annual,Separated the Navy sortie example from the broader Sandy narrative because it includes explicit cost and avoided-damage figures.
30,Emergency response,PORTS,Baltimore and New York City,MARACOOS,Local emergency response personnel and critical-infrastructure operators,"Whether to use real-time water-level, wind, and current data for flood and spill response actions","Avoided infrastructure disruption and better-timed protective actions during hurricanes, spills, and flood threats",Qualitative: PORTS data were used by emergency response personnel during hurricanes and oil spills; Baltimore's Domino Sugar Plant monitored PORTS to decide on flood-related shutdowns; New York City monitored PORTS to decide when to shut certain subway air intakes,2014 publication,The Value of PORTS to the Nation,https://tidesandcurrents.noaa.gov/publications/Value_of_PORTS_to_the_Nation_Aug_2014.pdf,Strong,Strong,Yes,This publication documents operational uses but does not quantify avoided damages or isolate PORTS effects from broader emergency-management systems.,"NOAA documents that PORTS supports real-time emergency and flood-response decisions, but this source should be used for qualitative evidence rather than a monetized impact claim.",One-time publication,Added as a qualitative emergency-response row because it provides specific infrastructure decision examples absent from the monetized case studies.
MARACOOS-MA-001,HF radar / search and rescue,MARACOOS HF Radar Mid-Atlantic 6 km total vector product via Rutgers ERDDAP and RPS EDS,Mid-Atlantic,MARACOOS,U.S. Coast Guard SAROPS operators,Select and run search-and-rescue drift scenarios using regional surface current fields,Reduced search effort and faster incident response can lower operating costs and improve mission success,MARACOOS total vector data are harvested hourly by the EDS and made available to the USCG for SAROPS use,Not stated in source; 2021 plan document,MARACOOS Data Management Plan 2021 FINAL.docx,https://maracoos.org/wp-content/uploads/2026/02/MARACOOS-Data-Management-Plan-2021-FINAL.docx.pdf,Medium,Strong,Yes,Organizational technical document rather than an audited benefits study; no direct dollar estimate; 2021 document may not reflect later workflow changes; attribution is strong for data delivery but not for incident outcomes,MARACOOS documents that its regional HF-radar current products are delivered through an operational workflow used by U.S. Coast Guard SAROPS.,Hourly,Source says MARACOOS total vector data are harvested from Rutgers ERDDAP by the EDS and made available to USCG SAROPS.
MARACOOS-MA-002,HF radar / search and rescue,Mid-Atlantic HF radar currents used in SAROPS,Mid-Atlantic Bight,MARACOOS,U.S. Coast Guard search planners,Choose narrower search boxes after drift simulations,Smaller search areas imply lower search effort and potentially lower operating cost per case,"In a July 22-26 2009 test, simulated search area was 12,000 km2 with HF radar versus 36,000 km2 with HYCOM, a 66% decrease",2009,Flow of HF Radar Data and how it is being used by the United States Coast Guard for Search and Rescue,https://cdn.ioos.noaa.gov/media/2017/12/sarops_hfr_info2012.pdf,Strong,Medium,Yes,Older case study and not a MARACOOS-branded valuation; based on one test case; economic relevance is inferred from reduced search effort rather than directly monetized; Mid-Atlantic pathway uses Rutgers server in the source,A U.S. IOOS and Coast Guard case study found that Mid-Atlantic HF-radar inputs reduced a test SAROPS search area by 66 percent.,Case-study / event-based,"Source explicitly states UConn received Mid-Atlantic data from the Rutgers server and reports the 12,000 km2 versus 36,000 km2 comparison."
MARACOOS-MA-003,HF radar / search and rescue,"MARACOOS Doppio system, HF-radar network, and SST products",Mid-Atlantic,MARACOOS,"U.S. Coast Guard, recreational boaters, anglers, regional scientists",Use current predictions and SST in search-and-rescue and navigation decisions,Better drift guidance and navigation information can reduce response inefficiency and support safer trips,"Strategic plan says USCG relies on MARACOOS Doppio current predictions and HFR, with HFR a data supplier since May 2009; USCG also uses SST products for SAR",Since May 2009,MARACOOS Strategic Operational Plan 2021-2026,https://maracoos.org/wp-content/uploads/2023/08/MARACOOS_StrategicOperationalPlan_2021-2026-FINAL.pdf,Medium,Strong,Yes,"Planning document, not an external usage audit; no case counts or monetized benefits; source is from 2021-2026 planning period; operational detail should be rechecked against current practice","MARACOOS states that the U.S. Coast Guard relies on its Doppio currents, HF-radar network, and SST products for search-and-rescue related operations in the Mid-Atlantic.",Near-real-time operational products,Key extracted text is the explicit statement that USCG relies on MARACOOS Doppio and HFR and that HFR has supplied USCG since May 2009.
MARACOOS-MA-004,Maritime transportation / PORTS,MARACOOS HF-radar network supporting NOAA PORTS,New York Harbor and Chesapeake Bay,MARACOOS,"NOAA NOS, port pilots, vessel operators, NWS forecast offices",Use enhanced current information for navigation support and marine forecasting,Improved navigation and forecasting can reduce delays and operational risk in major waterways,"Strategic plan says NOAA NOS uses HFR to enhance PORTS for New York Harbor and Chesapeake Bay, and NWS WFOs use the data in AWIPS2 and Nearshore Wave Prediction Systems",Not stated in source; plan period 2021-2026,MARACOOS Strategic Operational Plan 2021-2026,https://maracoos.org/wp-content/uploads/2023/08/MARACOOS_StrategicOperationalPlan_2021-2026-FINAL.pdf,Medium,Strong,Yes,Planning document rather than independent verification; no quantified delay or accident reduction; attribution is specific to HFR enhancement but downstream benefit is not monetized; source age is moderate,MARACOOS states that its HF-radar data are used by NOAA to enhance PORTS products in New York Harbor and Chesapeake Bay.,Near-real-time operational products,Useful direct attribution row for maritime transportation; source links MARACOOS HFR to NOAA PORTS and NWS decision-support systems.
MARACOOS-MA-005,HF radar / search and rescue,MARACOOS New York HF-radar stations,New York Bight,MARACOOS,"U.S. Coast Guard, commercial mariners, recreational boaters",Target search-and-rescue activity and improve maritime safety decisions,Reduced search footprint and safer navigation can lower response burden and operational risk,MARACOOS says it operates six HF-radar stations across New York coastal waters and that the data enable USCG to reduce search areas by up to two-thirds,Not stated in source,New York - MARACOOS,https://maracoos.org/region/new-york/,Medium,Strong,Yes,Web summary page rather than primary USCG documentation; no incident counts or cost figures; search-area claim should be cross-checked against case-study sources; geography limited to New York Bight,MARACOOS says its New York HF-radar network supports Coast Guard search-and-rescue and maritime safety in the New York Bight.,Real-time,"Region page provides a clear MARACOOS-attributed statement: six stations, NY Bight, and up-to-two-thirds search-area reduction."
MARACOOS-MA-006,HF radar / search and rescue,MARACOOS Lewes HF-radar stations,Delaware Bay,MARACOOS,"U.S. Coast Guard, coastal mariners",Use surface current data for search-and-rescue planning in Delaware Bay,Faster and narrower searches can reduce response effort and protect property,MARACOOS says two Lewes HF-radar stations provide real-time surface-current data and reduce search areas by two-thirds,Not stated in source,Delaware Bay - MARACOOS,https://maracoos.org/region/delaware-bay/,Medium,Strong,Yes,Web summary page; no independent case file or monetized savings; search-area reduction likely derives from broader HF-radar literature rather than a Delaware-only valuation; page date not explicit,MARACOOS says its Delaware Bay HF-radar stations provide real-time current data for Coast Guard search-and-rescue use.,Real-time,Useful local Delaware Bay row with direct MARACOOS attribution and explicit decision use.
MARACOOS-MA-007,HF radar / search and rescue,Assateague Island HF radar,Chesapeake Bay entrance / Mid-Atlantic coast,MARACOOS,U.S. Coast Guard,Use surface currents to narrow search areas in rescue cases,Improved rescue efficiency can reduce operating costs and speed response,MARACOOS says its Assateague Island HF radar aids Coast Guard search and rescue and reduces search areas by up to two-thirds,Not stated in source,Chesapeake Bay - MARACOOS,https://maracoos.org/region/chesapeake-bay/,Medium,Strong,Yes,"Web summary page, not an incident-level evaluation; no dollar estimate; claim may rest on broader network evidence rather than Assateague-only measurement; page date not explicit",MARACOOS says its Assateague HF radar supports Coast Guard search-and-rescue decisions at the Chesapeake Bay entrance.,Real-time,"Direct MARACOOS asset named in source; conservative use is support for SAR decisions, not quantified savings."
MARACOOS-MA-008,HF radar / search and rescue,"Virginia HF-radar stations at Virginia Beach, Cape Charles, and Cedar Island",Virginia coast,MARACOOS,"U.S. Coast Guard, commercial navigators",Use real-time currents for search-and-rescue and navigation decisions,Better current data can support safer navigation and more efficient emergency response,MARACOOS says it supports four HF-radar stations in Virginia and that these help cut search areas by two-thirds while supporting navigation,Not stated in source,Virginia - MARACOOS,https://maracoos.org/region/virginia/,Medium,Strong,Yes,Web summary page; no port-delay or SAR-cost accounting; source combines several sites and user groups; underlying quantified search-area evidence should be verified against primary SAROPS studies,MARACOOS says its Virginia HF-radar stations support Coast Guard search-and-rescue and commercial navigation decisions.,Real-time,Row adds southern Mid-Atlantic coverage and ties direct MARACOOS asset support to maritime safety and navigation.
MARACOOS-MA-009,Maritime transportation / navigation,OceansMap Insight: Navigation Chesapeake Bay,Chesapeake Bay shipping channel,MARACOOS,"Pilots, port operators, mariners","Assess winds, water levels, and currents along the shipping channel before and during transits",Better situational awareness can reduce transit risk and support more efficient vessel movement,"Insight places virtual stations along the shipping channel and exposes wind, water level, and current conditions at decision points",Not stated in source,Insights - MARACOOS,https://maracoos.org/insights/,Medium,Strong,Yes,Product-description page rather than usage analytics; no named user or avoided-delay metric; update cadence not quantified on the page; operational benefit is plausible but not monetized,"MARACOOS publishes a Chesapeake Bay navigation workflow that bundles channel wind, water-level, and current information for transit decisions.",Near-real-time,Insight is clearly decision oriented and maritime; good cautious row even without quantified outcomes.
MARACOOS-MA-010,Coastal hazards / beach safety,Virginia Beach MARACOOS webcamera and OceansMap feed,"Virginia Beach, Virginia",MARACOOS,"Virginia Beach Lifesaving Service, NWS, beach managers",Set rip-current and surf-condition advisories and daily beach-safety operations,"Better advisories can reduce rescues, injuries, and beach-management inefficiency at a major tourism site",News page says webcam supports NWS rip-current forecasts and Virginia Beach Lifesaving Service beach-safety decision-making,2025 news season context; exact date on page not extracted,MARACOOS Celebrates Virginia Beach Webcamera Installation - MARACOOS,https://maracoos.org/news/maracoos-celebrates-virginia-beach-webcamera-installation/,Medium,Strong,Yes,"News post, not outcome evaluation; no rescue counts or tourism metrics; AI rip-current detection mentioned as experimental; benefits are operational and public-safety oriented, not monetized",MARACOOS says its Virginia Beach webcam supports NWS rip-current forecasts and local beach-safety decisions.,Continuous / real-time imagery,Direct decision-use row with named local users and a concrete safety function.
MARACOOS-MA-011,Coastal hazards / resilience,OceansMap Insight: Coastal Flood Watch Map and WebCOOS webcams,"New York City, New York and Hoboken, New Jersey",MARACOOS,"Emergency managers, local planners, flood observers",Compare observed street and shoreline conditions with wave and water-level predictions during flooding,Improved situational awareness can support faster local response and better flood-management decisions,Insight combines MARACOOS flood-view webcams with wave and water-level prediction datasets and CO-OPS stations for side-by-side comparison,Not stated in source,Insights - MARACOOS,https://maracoos.org/insights/,Medium,Strong,Yes,Product page rather than an after-action report; no specific agency adoption or savings figure; limited to listed camera locations; operational value inferred from situational awareness,MARACOOS publishes a flood-watch map that lets users compare webcam observations with forecast and observed water-level conditions in New York City and Hoboken.,Near-real-time,Useful resilience row because it explicitly describes comparison of imagery with forecast and CO-OPS data.
MARACOOS-MA-012,Coastal hazards / resilience,Virginia coastal water-level sensor deployments,Virginia coastal communities,MARACOOS,"Local governments, emergency planners, residents","Prepare for nuisance flooding, storm surge, and hurricane impacts",More timely flood information can reduce disruption and improve preparedness decisions,"MARACOOS says it is deploying water-level sensors across the Middle Peninsula, Hampton Roads, the Northern Neck, the Eastern Shore, and the James River to enhance flood forecasting and community resilience planning",Not stated in source,Virginia - MARACOOS,https://maracoos.org/region/virginia/,Medium,Strong,Yes,Web summary page; no installation counts or outcome metrics in the retrieved text; resilience benefit not monetized; source date not explicit,MARACOOS says its Virginia water-level sensors support flood forecasting and resilience planning for coastal communities.,Real-time,Direct decision-use row for resilience; geography and user groups are named in the source.
MARACOOS-MA-013,Coastal hazards / resilience,Maryland water-level sensors via MARACOOS and University of Maryland,Maryland coast,MARACOOS,"Communities, forecasters, planners",Improve coastal and inland flood forecasting,Better flood forecasts can support preparedness and reduce disruption to people and property,MARACOOS says new water-level sensors across Maryland deliver real-time flood data to improve coastal and inland flood forecasting,Not stated in source,Chesapeake Bay - MARACOOS,https://maracoos.org/region/chesapeake-bay/,Medium,Strong,Yes,"Web summary page with no deployment count or hazard-loss quantification; benefit pathway is plausible but not monetized; state-specific, not full regionwide",MARACOOS says its Maryland sensor deployments support real-time flood forecasting decisions.,Real-time,Good resilience row linked to an explicit decision use: flood forecasting.
MARACOOS-MA-014,Coastal hazards / resilience,Delaware coastal wave buoys and water-level sensors,Delaware coast and Delaware Bay,MARACOOS,"Navigators, hazard planners, coastal managers","Monitor ocean conditions for navigation, hazard preparedness, and coastal planning",Improved condition monitoring can support safer operations and better coastal planning,"MARACOOS says new collaborations are bringing seven wave buoys and additional water-level sensors to Delaware’s coast for navigation, hazard preparedness, and planning",Not stated in source,Delaware Bay - MARACOOS,https://maracoos.org/region/delaware-bay/,Medium,Strong,Yes,"Web summary page; no operations date or observed outcomes in retrieved text; source describes assets and intended decision use, not measured benefits; exact sensor status should be checked",MARACOOS says its Delaware wave buoys and water-level sensors support navigation and coastal-hazard planning.,Real-time,Direct asset-and-use row; good fit for resilience and maritime operations.
MARACOOS-MA-015,Water quality / planning,HRECOS continuous water-quality monitoring in MARACOOS context,"Hudson River and Mohawk River, New York",MARACOOS,"Fisheries managers, water-resource planners, public-health stakeholders",Track river conditions and inform ecosystem and water-resource decisions,"Better water-quality information can support planning for fisheries, public health, and river uses","MARACOOS says HRECOS and NYSDEC monitor 17 sites every 15 minutes for salinity, temperature, dissolved oxygen, and nutrients",Not stated in source,New York - MARACOOS,https://maracoos.org/region/new-york/,Medium,Medium,Yes,Source is a MARACOOS regional summary; HRECOS is a partner system rather than a MARACOOS-only asset; no explicit economic valuation; public-health and planning benefits are described broadly,MARACOOS says HRECOS continuous monitoring informs fisheries and water-resource planning in New York.,Every 15 minutes,"Useful direct-use row for water quality, with clear parameters, cadence, and user groups."
MARACOOS-MA-016,Offshore wind and marine operations,OceansMap Insight: Wind Farm Blade Inspection Acceptable Operational Conditions,Hudson Canyon lease area / Mid-Atlantic offshore wind areas,MARACOOS,Offshore wind operators and marine operations planners,Choose time windows when blade inspection can proceed safely,Better weather-window selection can reduce offshore standby time and operational risk,Insight highlights times and places acceptable for blade inspection using thresholds of waves less than 1.5 m and wind less than 10 m/s at blade hub height,Not stated in source,Insights - MARACOOS,https://maracoos.org/insights/,Medium,Strong,Yes,Demonstration product page rather than user log or cost study; no operator adoption data; operational savings are inferred from clearer windows; thresholds may vary by operator and task,MARACOOS publishes an offshore-wind operations workflow that flags blade-inspection windows using wave and wind thresholds.,Current conditions plus forecast windows,High-value direct offshore-wind row because the source names a concrete operation and thresholds.
MARACOOS-MA-017,Offshore wind and marine operations,Atlantic Shores Offshore Wind buoy data managed and quality controlled through MARACOOS DMAC,New Jersey offshore wind lease area,MARACOOS,"Offshore wind developers, mariners, modelers","Support development, construction, and metocean planning decisions",Shared metocean data can reduce planning uncertainty for construction and marine operations,"DMP says Atlantic Shores buoys assist understanding of wind, ocean, and weather conditions to support development and construction, with broader value to mariners and the modeling community",2021-2024 deployment period described in source,MARACOOS Data Management Plan 2021 FINAL.docx,https://maracoos.org/wp-content/uploads/2026/02/MARACOOS-Data-Management-Plan-2021-FINAL.docx.pdf,Medium,Strong,Yes,"Technical management document, not an external benefit study; some deployment dates are historical and may be outdated; does not quantify avoided downtime or cost savings",MARACOOS documents that it manages offshore-wind buoy data used to support development and construction planning off New Jersey.,Every 30 minutes for harvested data,"Source provides unusually specific operational detail, including developer, lease area purpose, and MARACOOS data-management role."
MARACOOS-MA-018,Offshore wind and marine operations,MARACOOS SST coldest-pixel product and seabreeze predictions,Mid-Atlantic offshore wind development areas and nearby onshore markets,MARACOOS,"State agencies, energy planners, offshore wind stakeholders",Use wind-field and demand information in planning and forecasting,Better nearshore wind-field and demand calculations can improve planning for energy operations and ratepayer-facing forecasts,Strategic plan says MARACOOS seabreeze predictions support state agencies and onshore energy demand calculations that benefit energy rate payers,Not stated in source; plan period 2021-2026,MARACOOS Strategic Operational Plan 2021-2026,https://maracoos.org/wp-content/uploads/2023/08/MARACOOS_StrategicOperationalPlan_2021-2026-FINAL.pdf,Medium,Strong,Yes,Planning document and broad claim; no quantified ratepayer savings; operational mechanism is described but not independently validated in the source; may require partner verification,MARACOOS states that its atmospheric and SST-derived products support energy-demand calculations used by state agencies.,Forecast / not stated,Direct but cautious energy row; benefit should be framed as decision support rather than savings.
MARACOOS-MA-019,HABs / shellfish / water quality,OceansMap Insight: Virginia Beach Coastal Algae Risk Dashboard,"Virginia Beach, Virginia",MARACOOS,"Beach managers, public-health communicators, recreation users",Assess whether algae-related conditions may affect beach use and advisories,Better local condition awareness can support safer recreation and reduce avoidable disruptions,"Dashboard shows probability of encountering HABs plus predicted surface temperature, currents, winds, and wave forecasts",Not stated in source,Insights - MARACOOS,https://maracoos.org/insights/,Modeled,Strong,Yes,Product page does not show adoption or health outcomes; HAB probability is modeled; no economic value or beach-closure metric is provided; local recreational use is inferred,MARACOOS publishes a Virginia Beach dashboard that combines HAB risk with physical forecast conditions for local situational awareness.,Forecast / not stated,Good direct dashboard row for beach-use decisions; label as modeled because probability output is model based.
MARACOOS-MA-020,HABs / shellfish / water quality,OceansMap Insight: Baltimore Coastal Algae Risk Dashboard based on CBEFS datasets,"Baltimore coast, Maryland",MARACOOS,"Local users, water-quality stakeholders, recreation and public-health users",Review modeled bloom and species-encounter risk in local waters,Better awareness of bloom or pathogen-related conditions can support precautionary use decisions,"Dashboard shows probability of HAB occurrence and percent chance of encountering specific species including V. vulnificus, P. minimum, and sea nettles, alongside physical forecasts",Not stated in source,Insights - MARACOOS,https://maracoos.org/insights/,Modeled,Strong,Yes,Product description rather than outcome study; species probabilities are modeled; local user groups are not named individually in the retrieved text; no closure or revenue metric is supplied,MARACOOS publishes a Baltimore-area algae-risk dashboard that combines modeled biological risk with physical forecast conditions.,Forecast / not stated,Strong MARACOOS attribution because the dashboard is on MARACOOS Insights; modeled designation is appropriate.
MARACOOS-MA-021,HABs / shellfish / water quality,Chesapeake Bay Environmental Forecast System,Chesapeake Bay,MARACOOS,"Watermen, boaters, environmental managers",Plan on-the-water activities and monitor Bay health using short-term forecasts,"Better environmental forecasting can reduce uncertainty for fishing, recreation, and bay-use decisions","CBEFS provides today, 2-day, and 5-day forecasts and is presented for monitoring Bay health and planning on-the-water activities",Not stated in source,CBEFS | Virginia Institute of Marine Science,https://www.vims.edu/research/products/cbefs/,Medium,Medium,Yes,Partner product page rather than explicit MARACOOS product page; no user counts or monetized benefit; attribution to MARACOOS is indirect unless paired with MARACOOS regional pages; update schedule taken from product description,A MARACOOS-supported Chesapeake Bay forecasting system provides short-term environmental forecasts that users can apply to Bay-use decisions.,Daily nowcast and short-term forecast,Use cautiously as a partner-system row with medium attribution; direct decision language is on the VIMS page.
MARACOOS-MA-022,HABs / recreation,CBEFS Sea Nettles forecast,Chesapeake Bay,MARACOOS,"Tourists, beachgoers, recreational users",Check jellyfish encounter risk before using Bay waters,Better trip timing and site choice can reduce unpleasant or unsafe recreational exposures,Forecast provides percent chance of encountering sea nettles using salinity and temperature forecasts; page says to use for informational purposes only,Not stated in source,Sea Nettles | Virginia Institute of Marine Science,https://www.vims.edu/research/products/cbefs/sea_nettles/,Modeled,Medium,Yes,Research product with explicit informational-use caveat; no validation or economic metrics on retrieved lines; MARACOOS attribution is indirect through CBEFS relationship; recreational benefit is inferred,"A Chesapeake Bay sea-nettle forecast can provide informational support for recreation decisions, but the source says it should be used for informational purposes only.",Forecast / not stated,Conservative wording is important because the source includes a disclaimer.
MARACOOS-MA-023,HABs / water quality,CBEFS Harmful Algal Bloom Forecast,Chesapeake Bay,MARACOOS,"Water-quality stakeholders, local users",Review short-term probability of HAB occurrence,Better bloom awareness can support precautionary local decisions,Forecast provides probability of encountering any type of HAB using a random-forest model and also a P. minimum forecast,Not stated in source,Harmful Algal Blooms (EXPERIMENTAL) | Virginia Institute of Marine Science,https://www.vims.edu/research/products/cbefs/harmful_algal_blooms/,Modeled,Medium,Yes,Experimental model product; no local management action or validation metric in retrieved lines; attribution to MARACOOS is indirect; use should stay at the informational or pilot stage,"A Chesapeake Bay HAB forecast provides modeled bloom-probability information that can inform precautionary local decisions, but it remains an experimental product.",Forecast / not stated,Row should be clearly tagged as modeled and experimental.
MARACOOS-MA-024,Fisheries / water quality,CBEFS Depth to 3 mg/L dissolved oxygen product,Chesapeake Bay,MARACOOS,"Commercial and recreational fishers, fisheries managers",Identify where low oxygen may compress usable fish habitat,Better habitat awareness can support fishing and management decisions,Source says productive fishing areas are squeezed by low dissolved oxygen and the product maps the depth to 3 mg/L dissolved oxygen,Not stated in source,Depth to 3 mg/L Dissolved Oxygen | Virginia Institute of Marine Science,https://www.vims.edu/research/products/cbefs/depth_to_3mgl/,Modeled,Medium,Yes,Model-based indicator with disclaimer; no evidence of actual fleet use or avoided costs on the page; MARACOOS attribution is indirect; habitat-to-economic-benefit pathway is inferred,A Chesapeake Bay low-oxygen product can help users visualize summer habitat squeeze in productive fishing areas.,Forecast / not stated,"Strong fit for fisheries decision support, but keep claim at visualization and situational awareness."
MARACOOS-MA-025,Fisheries / water quality,CBEFS hypoxic-volume estimates,Chesapeake Bay,MARACOOS,"Water-quality managers, fisheries stakeholders",Track severity of the dead zone through the season,More frequent dead-zone estimates can improve timing and interpretation of management communications and Bay-use decisions,"CBEFS estimates hypoxic volume every day, whereas boat observations are collected once or twice a month",1985-2025 reference series; 2026 current forecast,Real-time Estimates of Hypoxic Water Volume | Virginia Institute of Marine Science,https://www.vims.edu/research/products/cbefs/hypoxic-volume/,Modeled,Medium,Yes,Model-based metric with uncertainty; no direct economic valuation; page focuses on environmental severity rather than decisions; MARACOOS attribution is indirect through CBEFS relation,Daily dead-zone estimates can provide more timely situational awareness than infrequent shipboard observations.,Daily,Good row for decision cadence because the source explicitly contrasts daily model estimates with less frequent boat observations.
MARACOOS-MA-026,Shellfish / water quality,Planned Delaware Inland Bay acidification monitoring at Delaware Cultured Seafood oyster lease,Delaware Inland Bay near Indian River Inlet,MARACOOS,"Shellfish aquaculture operators, hatcheries, oyster-reef stakeholders",Monitor acidification variability and shellfish-health conditions at an oyster lease,Better acidification information can support husbandry and site management decisions for shellfish operations,"Strategic plan describes one new SeapHOx pH and dissolved-oxygen sensor at the DCS oyster lease, with hourly pH and salinity observations for carbonate metrics",Prospective plan in 2021-2026 document,MARACOOS Strategic Operational Plan 2021-2026,https://maracoos.org/wp-content/uploads/2023/08/MARACOOS_StrategicOperationalPlan_2021-2026-FINAL.pdf,Modeled,Strong,Yes,"Prospective plan, not confirmed operational deployment in the retrieved text; no realized production benefit yet; geographic scope is a single lease area; economic pathway is anticipated rather than measured",MARACOOS planned an acidification-monitoring site at a Delaware shellfish lease to provide near-real-time information relevant to hatcheries and oyster reefs.,Hourly planned observations,"Include because it is directly relevant to shellfish and highly specific, but keep clearly prospective."
MARACOOS-MA-027,Shellfish / water quality,Planned OA monitoring and visualization for aquaculture leaseholders in NJ and DE bays,Delaware Bay and nearby NEP/NERRS sites in New Jersey and Delaware,MARACOOS,"Shellfish growers, aquaculture leaseholders, state water-quality managers","Predict, track, and respond to changing coastal-acidification and water-quality conditions",Better condition tracking can support current and future shellfish production,Strategic plan says shellfish growers will benefit economically from long-term acidification data and a user-friendly visualization product for aquaculture leaseholders,Prospective plan in 2021-2026 document,MARACOOS Strategic Operational Plan 2021-2026,https://maracoos.org/wp-content/uploads/2023/08/MARACOOS_StrategicOperationalPlan_2021-2026-FINAL.pdf,Modeled,Strong,Yes,Prospective statement in a planning document; economic benefit is asserted rather than measured; exact stations and implementation status require verification; region limited to selected bays,MARACOOS planned a coastal-acidification monitoring and visualization effort intended to support shellfish-grower decisions in Delaware and nearby bays.,Continuous planned monitoring,"The source explicitly states an economic benefit for shellfish growers, but because it is prospective this row should stay modeled."
MARACOOS-MA-028,Fisheries / protected species management,Delaware Bay Atlantic sturgeon 3-day forecast model,Delaware Bay,MARACOOS,Natural-resource managers,Use short-term habitat forecasts to inform protected-species management,Better protected-species targeting can improve management efficiency where fishing and development decisions intersect,Strategic plan says MARACOOS provides a 3-day forecast model that is greater than 90% accurate in predicting Atlantic sturgeon locations in Delaware Bay,Not stated in source; plan period 2021-2026,MARACOOS Strategic Operational Plan 2021-2026,https://maracoos.org/wp-content/uploads/2023/08/MARACOOS_StrategicOperationalPlan_2021-2026-FINAL.pdf,Medium,Strong,Yes,Planning document summary rather than peer-reviewed methods in the retrieved text; no direct monetary outcome; management rather than enterprise economics is the main pathway; accuracy claim should be checked against underlying study,MARACOOS reports that it has a high-skill short-term Atlantic sturgeon forecast for Delaware Bay that supports management decisions.,3-day forecast,"This is a direct MARACOOS-use example with a quantitative skill statement, but economic relevance is indirect via decision efficiency and conflict avoidance."
MARACOOS-MA-029,Regional economic context,Mid-Atlantic maritime commerce exposure,Mid-Atlantic,MARACOOS,"Regional policymakers, case-study readers",Frame why navigation and maritime-safety decision support matters economically,Large port exposure indicates a broad sector that can be affected by better ocean information,Strategic plan says Mid-Atlantic ports handle 25% of total U.S. waterborne commerce,Not stated in source; plan period 2021-2026,MARACOOS Strategic Operational Plan 2021-2026,https://maracoos.org/wp-content/uploads/2023/08/MARACOOS_StrategicOperationalPlan_2021-2026-FINAL.pdf,Medium,Contextual,Yes,Context row only; not a measure of MARACOOS outcomes; no direct observation-to-benefit linkage; source is a planning document and the underlying benchmark year is not stated in retrieved lines,The Mid-Atlantic maritime economy is large enough that decision-support improvements in navigation and safety could matter at regional scale.,Periodic planning update,"Use only as exposure context, not as evidence of MARACOOS-caused economic benefit."
MARACOOS-MA-030,Regional economic context,Hudson River freight exposure,"Hudson River, New York",MARACOOS,"Regional policymakers, maritime-traffic case-study readers",Frame the scale of freight potentially affected by better maritime situational awareness,Large freight throughput indicates economic exposure for river traffic,"USACE fact sheet reports approximately 13,873 thousand short tons of annual commercial freight traffic in 2023",2023,"FACT SHEET-Hudson River Channel, NY (40 Ft.)",https://www.nan.usace.army.mil/Media/Fact-Sheets/Fact-Sheet-Article-View/Article/487535/fact-sheet-hudson-river-channel-ny-40-ft/,Strong,Contextual,Yes,"Context row only and not MARACOOS-specific; freight tonnage does not show any realized MARACOOS benefit; channel fact sheet can change over time; geography is the Hudson River channel, not the full Mid-Atlantic","The Hudson River carries substantial freight volume, which helps explain why maritime-traffic decision-support tools are economically relevant in this corridor.",Annual,Useful supporting exposure row for maritime-traffic evidence around New York and the Hudson corridor.
1,HF radar / search and rescue,MARACOOS High-Frequency Radar Network,Mid-Atlantic Bight,MARACOOS,U.S. Coast Guard (USCG) Search and Rescue (SAR) Operators,Search area planning in SAROPS,"Reduced search vessel and aircraft transit hours, leading to operational cost savings and increased probability of life-saving interventions",66% reduction in search areas compared to predictions without high-frequency radar data,2019,IOOS Association,https://ioosassociation.org/focus-areas/maritime-safety-homeland-security/,Strong,Strong,Yes,Based on general operational models; specific regional search cases vary in complexity and local environmental drift influence.,Inclusion of MARACOOS High-Frequency Radar surface current data in Coast Guard search and rescue models has been shown to reduce target search areas by up to 66 percent.,"Continuous observations, updated hourly",Extracted from IOOS Association focus area on maritime safety. Real-time HFR data integrates directly into USCG SAROPS.
2,HF radar / search and rescue,Rutgers Doppio regional ocean model,Mid-Atlantic Bight,MARACOOS,USCG Search and Rescue operators,Simulating and predicting the drift of search targets in the Mid-Atlantic Bight,More accurate placement of search grids reduces search hours and vessel fuel consumption,Hourly surface current predictions 24 hours into the future assimilated into drift models,2022,Rutgers Center for Ocean Observing Leadership (RUCOOL),https://rucool.marine.rutgers.edu/maracoos-supporting-maritime-commerce-and-safety/,Strong,Strong,Yes,Geographically restricted to the Mid-Atlantic Bight; model skill is dependent on continuous sensor input and atmospheric forcing accuracy.,"The U.S. Coast Guard utilizes surface current predictions from the Rutgers Doppio regional model, supported by MARACOOS, to simulate the motion of search targets.",Daily model runs with hourly forecast outputs,Rutgers RUCOOL details the Doppler-driven Doppio system and HFR network integration to USCG search patterns.
3,HF radar / search and rescue,MARACOOS High-Frequency Radar / Short-Term Predictive System (STPS),Mid-Atlantic Bight,MARACOOS,USCG Response Planners,Forecasting surface currents 24 hours in advance for emergency responder routing,Improved accuracy in determining trajectory of drifting objects and vessels,Continuous delivery of surface current measurements to USCG since May 2009,2009,Rutgers Center for Ocean Observing Leadership (RUCOOL),https://rucool.marine.rutgers.edu/maracoos-supporting-maritime-commerce-and-safety/,Strong,Strong,Yes,Continuous delivery requires active maintenance of coastal radar sites; storm events can temporarily degrade radar signal propagation.,MARACOOS has provided real-time surface current measurements and 24-hour predictions to the U.S. Coast Guard since May 2009 to assist in search and rescue planning.,"Continuous data streams, hourly updates",Confirms the historical baseline and long-term integration of MARACOOS HF radar into USCG operations.
4,HF radar / search and rescue,MARACOOS High-Frequency Radar Network,Mid-Atlantic Bight,MARACOOS,USCG Response Planners,SAR planning and drift modeling in SAROPS,Reduced search asset operational costs by deploying vessels to highly optimized coordinates,Averages 37 daily requests for current data products that assimilate HFR currents,2010,ResearchGate / Roarty et al.,https://www.researchgate.net/publication/400888682_The_Importance_of_High-Frequency_Radar_for_Search_and_Rescue_at_Sea_A_Foundation_for_a_National_Network_for_the_Integrated_Ocean_Observing_System,Medium,Strong,Yes,Data is based on historical request tracking metrics from the U.S. Coast Guard and may not represent recent real-time dashboards.,"Data products that assimilate Mid-Atlantic HF radar surface currents are heavily utilized by response planners, averaging 37 daily requests for Coast Guard search and rescue operations.",One-time research study,Academic literature confirms active pull frequency of HFR products by the Coast Guard. The publication dates to 2010.
5,maritime transportation / PORTS,NOAA Physical Oceanographic Real-Time System (PORTS),Mid-Atlantic,MARACOOS,"Commercial shipping companies, harbor pilots, and terminal operators",Vessel draft maximization and under-keel clearance calculation,"Increased cargo carrying capacity per transit, reducing the number of transits required and maximizing profit margins","One additional foot of draft increases vessel profit margins by $36,000 to $288,000 per transit",2002 / 2010 USD,NOAA CO-OPS,https://tidesandcurrents.noaa.gov/ports.html,Medium,Medium,Yes,"Valuation limits are based on historical carrier capacities; benefits vary based on vessel class, channel dredging depths, and commodity pricing.","Using real-time water level data from NOAA PORTS allows commercial vessels to optimize draft, with an additional foot of depth enabling between $36,000 and $288,000 in profit per transit.",Continuous real-time measurements,"General PORTS benefit baseline provided by NOAA CO-OPS. MARACOOS region contains active PORTS installations (Delaware, NY Harbor, Chesapeake)."
6,maritime transportation / PORTS,NOAA Physical Oceanographic Real-Time System (PORTS),Port of New York and New Jersey,MARACOOS,Sandy Hook Pilots and Port Authority of NY/NJ,Vessel scheduling and risk assessment of potential grounding in channels,"Avoided marine accidents, commercial ship groundings, and hull damage liabilities","50% reduction in commercial vessel grounding risk, avoiding $7,500,000 in annual costs",2007 / 2010 USD,NOAA CO-OPS (Value of PORTS Study),https://tidesandcurrents.noaa.gov/publications/ASSESSMENT_OF_THE_VALUE_OF_PORTS_TO_THE_US_ECONOMY.pdf,Modeled,Medium,Yes,Methodology utilizes historical risk modeling and benefit transfer from prior years; may not reflect current larger post-Panamax vessel dynamics.,"A NOAA economic valuation study estimated that the PORTS system in New York and New Jersey reduces grounding risks by 50 percent, avoiding $7.5 million annually in accident-related costs.",One-time economic report,"Modeled benefit analysis from Kite-Powell 2007 case study, integrated into the national NOAA PORTS evaluation report."
7,maritime transportation / PORTS,NOAA Physical Oceanographic Real-Time System (PORTS),United States,MARACOOS,"Commercial shipping lines, port authorities, and maritime insurance firms","Transit safety planning, mooring operations, and collision avoidance","Decreased commercial vessel accident rates, resulting in fewer deaths, injuries, and property damage claims","59% reduction in vessel groundings, 33% reduction in overall accidents, and 37% reduction in property damage",2013 / 2010 USD,NOAA CO-OPS (Value of PORTS Study),https://tidesandcurrents.noaa.gov/publications/ASSESSMENT_OF_THE_VALUE_OF_PORTS_TO_THE_US_ECONOMY.pdf,Modeled,Medium,Yes,National-scale analysis utilizing statistical risk rates across 58 active ports; local environmental variables and pilot experience influence individual safety rates.,"Full implementation of NOAA PORTS has been modeled to reduce vessel groundings by 59 percent and overall marine accidents by 33 percent, yielding substantial safety benefits.",One-time comprehensive report,"Scoping study results represent national averages, but are directly applicable to Mid-Atlantic installations (NY, Delaware, Chesapeake) representing major commercial hubs."
8,maritime transportation / PORTS,Delaware River and Bay PORTS,Delaware River and Bay,MARACOOS,"Pilots Association for the Bay and River Delaware, port shipping lines",Bridge under-clearance and deep-channel vessel navigation,Avoided bridge allisions and optimized channel transit times,Real-time tide and current data from 11 water level stations and bridge air gap measurements from 3 bridges,2025,NOAA (State of Delaware Report),https://www.noaa.gov/sites/default/files/2025-01/NIYSDE_2025.pdf,Strong,Medium,Yes,Provides context on operational sensor density; does not model direct dollar value of transits saved in Delaware Bay.,The Delaware River and Bay PORTS system delivers real-time observations across 11 water level stations and 3 bridge air gap sensors to support safe navigation through major waterways.,"Continuous observation, updated every 6 minutes",NOAA Delaware profile details the density of physical PORTS assets co-managed with the local maritime community.
